,Loan_ID,Gender,Married,Dependents,Education,Self_Employed,ApplicantIncome,CoapplicantIncome,LoanAmount,Loan_Amount_Term,Credit_History,Property_Area,Loan_Status,MaxLoanAmount
0,LP001002,Male,No,0,Graduate,No,5849.0,0.0,146.41216216216216,360.0,Yes,Urban,Y,231287.42
1,LP001003,Male,Yes,1,Graduate,No,5405.5408496732025,1508.0,128.0,360.0,Yes,Rural,N,213751.69
2,LP001005,Male,Yes,0,Graduate,Yes,3000.0,0.0,66.0,360.0,Yes,Urban,Y,118629.21
3,LP001006,Male,Yes,0,Not Graduate,No,2583.0,2358.0,120.0,360.0,Yes,Urban,Y,102139.75
4,LP001008,Male,No,0,Graduate,No,6000.0,0.0,141.0,360.0,Yes,Urban,Y,237258.43
5,LP001011,Male,Yes,2,Graduate,Yes,5417.0,4196.0,267.0,360.0,Yes,Urban,Y,214204.82
6,LP001013,Male,Yes,0,Not Graduate,No,2333.0,1516.0,95.0,360.0,Yes,Urban,Y,92253.99
7,LP001014,Male,Yes,3+,Graduate,No,3036.0,2504.0,158.0,360.0,Yes,Semiurban,N,120052.76
8,LP001018,Male,Yes,2,Graduate,No,4006.0,1526.0,168.0,360.0,Yes,Urban,Y,158409.54
9,LP001020,Male,Yes,1,Graduate,No,12841.0,10968.0,349.0,360.0,Yes,Semiurban,N,507772.58
10,LP001024,Male,Yes,2,Graduate,No,3200.0,700.0,70.0,360.0,Yes,Urban,Y,126537.83
11,LP001027,Male,Yes,2,Graduate,No,2500.0,1620.8889396225775,109.0,360.0,Yes,Urban,Y,98857.68
12,LP001028,Male,Yes,2,Graduate,No,3073.0,8106.0,200.0,360.0,Yes,Urban,Y,121515.86
13,LP001029,Male,No,0,Graduate,No,1853.0,2840.0,114.0,360.0,Yes,Rural,N,73273.31
14,LP001030,Male,Yes,2,Graduate,No,1299.0,1086.0,17.0,120.0,Yes,Urban,Y,40257.86
15,LP001032,Male,No,0,Graduate,No,5405.5408496732025,0.0,125.0,360.0,Yes,Urban,Y,213751.69
16,LP001034,Male,No,1,Not Graduate,No,3596.0,0.0,100.0,240.0,Yes,Urban,Y,136544.22
17,LP001036,Female,No,0,Graduate,No,3510.0,0.0,76.0,360.0,Yes,Urban,N,138796.18
18,LP001038,Male,Yes,0,Not Graduate,No,4887.0,0.0,133.0,360.0,Yes,Rural,N,193246.99
19,LP001041,Male,Yes,0,Graduate,No,2600.0,3500.0,115.0,342.0,Yes,Urban,Y,102514.3
20,LP001043,Male,Yes,0,Not Graduate,No,7660.0,0.0,104.0,360.0,Yes,Urban,N,302899.93
21,LP001046,Male,Yes,1,Graduate,No,5955.0,5625.0,315.0,360.0,Yes,Urban,Y,235478.99
22,LP001047,Male,Yes,0,Not Graduate,No,2600.0,1911.0,116.0,360.0,Yes,Semiurban,N,102811.99
23,LP001050,Male,Yes,2,Not Graduate,No,3365.0,1917.0,112.0,360.0,Yes,Rural,N,133062.43
24,LP001052,Male,Yes,1,Graduate,No,3717.0,2925.0,151.0,360.0,Yes,Semiurban,N,146981.6
25,LP001066,Male,Yes,0,Graduate,Yes,9560.0,0.0,191.0,360.0,Yes,Semiurban,Y,378031.76
26,LP001068,Male,Yes,0,Graduate,No,2799.0,2253.0,122.0,360.0,Yes,Semiurban,Y,110681.06
27,LP001073,Male,Yes,2,Not Graduate,No,4226.0,1040.0,110.0,360.0,Yes,Urban,Y,167109.02
28,LP001086,Male,No,0,Not Graduate,No,1442.0,0.0,35.0,360.0,Yes,Urban,N,57021.11
29,LP001087,Female,No,2,Graduate,No,3750.0,2083.0,120.0,360.0,Yes,Semiurban,Y,148286.52
30,LP001091,Male,Yes,1,Graduate,No,4166.0,3369.0,201.0,360.0,Yes,Urban,N,164736.43
31,LP001095,Male,No,0,Graduate,No,3167.0,0.0,74.0,360.0,Yes,Urban,N,125232.91
32,LP001097,Male,No,1,Graduate,Yes,4692.0,0.0,106.0,360.0,Yes,Rural,N,185536.09
33,LP001098,Male,Yes,0,Graduate,No,3500.0,1667.0,114.0,360.0,Yes,Semiurban,Y,138400.75
34,LP001100,Male,No,3+,Graduate,No,12500.0,3000.0,320.0,360.0,Yes,Rural,N,494288.39
35,LP001106,Male,Yes,0,Graduate,No,2275.0,2067.0,146.41216216216216,360.0,Yes,Urban,Y,89960.49
36,LP001109,Male,Yes,0,Graduate,No,1828.0,1330.0,100.0,342.0,Yes,Urban,N,72075.44
37,LP001112,Female,Yes,0,Graduate,No,3667.0,1459.0,144.0,360.0,Yes,Semiurban,Y,145004.44
38,LP001114,Male,No,0,Graduate,No,4166.0,7210.0,184.0,360.0,Yes,Urban,Y,164736.43
39,LP001116,Male,No,0,Not Graduate,No,3748.0,1668.0,110.0,360.0,Yes,Semiurban,Y,148207.43
40,LP001119,Male,No,0,Graduate,No,3600.0,0.0,80.0,360.0,Yes,Urban,N,142355.06
41,LP001120,Male,No,0,Graduate,No,1800.0,1213.0,47.0,360.0,Yes,Urban,Y,71177.53
42,LP001123,Male,Yes,0,Graduate,No,2400.0,0.0,75.0,360.0,Yes,Urban,Y,94903.37
43,LP001131,Male,Yes,0,Graduate,No,3941.0,2336.0,134.0,360.0,Yes,Semiurban,Y,155839.24
44,LP001136,Male,Yes,0,Not Graduate,Yes,4695.0,0.0,96.0,342.0,Yes,Urban,Y,185117.16
45,LP001137,Female,No,0,Graduate,No,3410.0,0.0,88.0,342.0,Yes,Urban,Y,134451.44
46,LP001138,Male,Yes,1,Graduate,No,5649.0,0.0,44.0,360.0,Yes,Urban,Y,223378.81
47,LP001144,Male,Yes,0,Graduate,No,5821.0,0.0,144.0,360.0,Yes,Urban,Y,230180.22
48,LP001146,Female,Yes,0,Graduate,No,2645.0,3440.0,120.0,360.0,Yes,Urban,N,104591.42
49,LP001151,Female,No,0,Graduate,No,4000.0,2275.0,144.0,360.0,Yes,Semiurban,Y,158172.28
50,LP001155,Female,Yes,0,Not Graduate,No,1928.0,1644.0,100.0,360.0,Yes,Semiurban,Y,76239.04
51,LP001157,Female,No,0,Graduate,No,3086.0,0.0,120.0,360.0,Yes,Semiurban,Y,122029.92
52,LP001164,Female,No,0,Graduate,No,4230.0,0.0,112.0,360.0,Yes,Semiurban,N,167267.19
53,LP001179,Male,Yes,2,Graduate,No,4616.0,0.0,134.0,360.0,Yes,Urban,N,182530.82
54,LP001186,Female,Yes,1,Graduate,Yes,11500.0,0.0,286.0,360.0,Yes,Urban,N,454745.32
55,LP001194,Male,Yes,2,Graduate,No,2708.0,1167.0,97.0,360.0,Yes,Semiurban,Y,107082.64
56,LP001195,Male,Yes,0,Graduate,No,2132.0,1591.0,96.0,360.0,Yes,Semiurban,Y,84305.83
57,LP001197,Male,Yes,0,Graduate,No,3366.0,2200.0,135.0,360.0,Yes,Rural,N,133101.98
58,LP001198,Male,Yes,1,Graduate,No,8080.0,2250.0,180.0,360.0,Yes,Urban,Y,319508.02
59,LP001199,Male,Yes,2,Not Graduate,No,3357.0,2859.0,144.0,360.0,Yes,Urban,Y,132746.09
60,LP001205,Male,Yes,0,Graduate,No,2500.0,3796.0,120.0,360.0,Yes,Urban,Y,98857.68
61,LP001206,Male,Yes,3+,Graduate,No,3029.0,0.0,99.0,360.0,Yes,Urban,Y,119775.96
62,LP001207,Male,Yes,0,Not Graduate,Yes,2609.0,3449.0,165.0,180.0,Yes,Rural,N,93206.06
63,LP001213,Male,Yes,1,Graduate,No,4945.0,0.0,146.41216216216216,360.0,Yes,Rural,N,195540.49
64,LP001222,Female,No,0,Graduate,No,4166.0,0.0,116.0,360.0,Yes,Semiurban,N,164736.43
65,LP001225,Male,Yes,0,Graduate,No,5726.0,4595.0,258.0,360.0,Yes,Semiurban,N,226423.63
66,LP001228,Male,No,0,Not Graduate,No,3200.0,2254.0,126.0,180.0,Yes,Urban,N,114319.43
67,LP001233,Male,Yes,1,Graduate,No,10750.0,0.0,312.0,360.0,Yes,Urban,Y,425088.02
68,LP001238,Male,Yes,3+,Not Graduate,Yes,7100.0,0.0,125.0,60.0,Yes,Urban,Y,149222.8
69,LP001241,Female,No,0,Graduate,No,4300.0,0.0,136.0,360.0,Yes,Semiurban,N,170035.21
70,LP001243,Male,Yes,0,Graduate,No,3208.0,3066.0,172.0,360.0,Yes,Urban,Y,126854.17
71,LP001245,Male,Yes,2,Not Graduate,Yes,1875.0,1875.0,97.0,360.0,Yes,Semiurban,Y,74143.26
72,LP001248,Male,No,0,Graduate,No,3500.0,0.0,81.0,300.0,Yes,Semiurban,Y,136630.09
73,LP001250,Male,Yes,3+,Not Graduate,No,4755.0,0.0,95.0,342.0,Yes,Semiurban,N,187482.88
74,LP001253,Male,Yes,3+,Graduate,Yes,5266.0,1774.0,187.0,360.0,Yes,Semiurban,Y,208233.81
75,LP001255,Male,No,0,Graduate,No,3750.0,0.0,113.0,480.0,Yes,Urban,N,149614.1
76,LP001256,Male,No,0,Graduate,No,3750.0,4750.0,176.0,360.0,Yes,Urban,N,148286.52
77,LP001259,Male,Yes,1,Graduate,Yes,1000.0,3022.0,110.0,360.0,Yes,Urban,N,39543.07
78,LP001263,Male,Yes,3+,Graduate,No,3167.0,4000.0,180.0,300.0,Yes,Semiurban,N,123630.71
79,LP001264,Male,Yes,3+,Not Graduate,Yes,3333.0,2166.0,130.0,360.0,Yes,Semiurban,Y,131797.06
80,LP001265,Female,No,0,Graduate,No,3846.0,0.0,111.0,360.0,Yes,Semiurban,Y,152082.65
81,LP001266,Male,Yes,1,Graduate,Yes,2395.0,0.0,146.41216216216216,360.0,Yes,Semiurban,Y,94705.66
82,LP001267,Female,Yes,2,Graduate,No,1378.0,1881.0,167.0,360.0,Yes,Urban,N,54490.35
83,LP001273,Male,Yes,0,Graduate,No,6000.0,2250.0,265.0,360.0,Yes,Semiurban,N,237258.43
84,LP001275,Male,Yes,1,Graduate,No,3988.0,0.0,50.0,240.0,Yes,Urban,Y,151428.9
85,LP001279,Male,No,0,Graduate,No,2366.0,2531.0,136.0,360.0,Yes,Semiurban,Y,93558.91
86,LP001280,Male,Yes,2,Not Graduate,No,3333.0,2000.0,99.0,360.0,Yes,Semiurban,Y,131797.06
87,LP001282,Male,Yes,0,Graduate,No,2500.0,2118.0,104.0,360.0,Yes,Semiurban,Y,98857.68
88,LP001289,Male,No,0,Graduate,No,8566.0,0.0,210.0,360.0,Yes,Urban,Y,338725.95
89,LP001310,Male,Yes,0,Graduate,No,5695.0,4167.0,175.0,360.0,Yes,Semiurban,Y,225197.79
90,LP001316,Male,Yes,0,Graduate,No,2958.0,2900.0,131.0,360.0,Yes,Semiurban,Y,116968.4
91,LP001318,Male,Yes,2,Graduate,No,6250.0,5654.0,188.0,180.0,Yes,Semiurban,Y,223280.13
92,LP001319,Male,Yes,2,Not Graduate,No,3273.0,1820.0,81.0,360.0,Yes,Urban,Y,129424.47
93,LP001322,Male,No,0,Graduate,No,4133.0,0.0,122.0,360.0,Yes,Semiurban,Y,163431.51
94,LP001325,Male,No,0,Not Graduate,No,3620.0,0.0,25.0,120.0,Yes,Semiurban,Y,112188.95
95,LP001326,Male,No,0,Graduate,No,6782.0,0.0,146.41216216216216,360.0,Yes,Urban,N,268181.11
96,LP001327,Female,Yes,0,Graduate,No,2484.0,2302.0,137.0,360.0,Yes,Semiurban,Y,98224.99
97,LP001333,Male,Yes,0,Graduate,No,1977.0,997.0,50.0,360.0,Yes,Semiurban,Y,78176.65
98,LP001334,Male,Yes,0,Not Graduate,No,4188.0,0.0,115.0,180.0,Yes,Semiurban,Y,149615.55
99,LP001343,Male,Yes,0,Graduate,No,1759.0,3541.0,131.0,360.0,Yes,Semiurban,Y,69556.26
100,LP001345,Male,Yes,2,Not Graduate,No,4288.0,3263.0,133.0,180.0,Yes,Urban,Y,153188.03
101,LP001349,Male,No,0,Graduate,No,4843.0,3806.0,151.0,360.0,Yes,Semiurban,Y,191507.09
102,LP001350,Male,Yes,0,Graduate,No,13650.0,0.0,146.41216216216216,360.0,Yes,Urban,Y,539762.92
103,LP001356,Male,Yes,0,Graduate,No,4652.0,3583.0,146.41216216216216,360.0,Yes,Semiurban,Y,183954.37
104,LP001357,Male,Yes,0,Graduate,No,3816.0,754.0,160.0,360.0,Yes,Urban,Y,150896.36
105,LP001367,Male,Yes,1,Graduate,No,3052.0,1030.0,100.0,360.0,Yes,Urban,Y,120685.45
106,LP001369,Male,Yes,2,Graduate,No,11417.0,1126.0,225.0,360.0,Yes,Urban,Y,451463.24
107,LP001370,Male,No,0,Not Graduate,No,7333.0,0.0,120.0,360.0,Yes,Rural,N,289969.34
108,LP001379,Male,Yes,2,Graduate,No,3800.0,3600.0,216.0,360.0,Yes,Urban,N,150263.67
109,LP001384,Male,Yes,3+,Not Graduate,No,2071.0,754.0,94.0,480.0,Yes,Semiurban,Y,82626.88
110,LP001385,Male,No,0,Graduate,No,5316.0,0.0,136.0,360.0,Yes,Urban,Y,210210.97
111,LP001387,Female,Yes,0,Graduate,No,2929.0,2333.0,139.0,360.0,Yes,Semiurban,Y,115821.66
112,LP001391,Male,Yes,0,Not Graduate,No,3572.0,4114.0,152.0,342.0,Yes,Rural,N,140838.87
113,LP001392,Female,No,1,Graduate,Yes,7451.0,0.0,146.41216216216216,360.0,Yes,Semiurban,Y,294635.42
114,LP001398,Male,No,0,Graduate,No,5050.0,0.0,118.0,360.0,Yes,Semiurban,Y,199692.51
115,LP001401,Male,Yes,1,Graduate,No,14583.0,0.0,185.0,180.0,Yes,Rural,Y,520975.07
116,LP001404,Female,Yes,0,Graduate,No,3167.0,2283.0,154.0,360.0,Yes,Semiurban,Y,125232.91
117,LP001405,Male,Yes,1,Graduate,No,2214.0,1398.0,85.0,360.0,Yes,Urban,Y,87548.36
118,LP001421,Male,Yes,0,Graduate,No,5568.0,2142.0,175.0,360.0,Yes,Rural,N,220175.82
119,LP001422,Female,No,0,Graduate,No,10408.0,0.0,259.0,360.0,Yes,Urban,Y,411564.29
120,LP001426,Male,Yes,0,Graduate,No,5667.0,2667.0,180.0,360.0,Yes,Rural,Y,224090.58
121,LP001430,Female,No,0,Graduate,No,4166.0,0.0,44.0,360.0,Yes,Semiurban,Y,164736.43
122,LP001431,Female,No,0,Graduate,No,2137.0,8980.0,137.0,360.0,Yes,Semiurban,Y,84503.54
123,LP001432,Male,Yes,2,Graduate,No,2957.0,0.0,81.0,360.0,Yes,Semiurban,Y,116928.86
124,LP001439,Male,Yes,0,Not Graduate,No,4300.0,2014.0,194.0,360.0,Yes,Rural,Y,170035.21
125,LP001443,Female,No,0,Graduate,No,3692.0,0.0,93.0,360.0,Yes,Rural,Y,145993.02
126,LP001448,Male,Yes,3+,Graduate,No,23803.0,0.0,370.0,360.0,Yes,Rural,Y,941243.72
127,LP001449,Male,No,0,Graduate,No,3865.0,1640.0,146.41216216216216,360.0,Yes,Rural,Y,152833.97
128,LP001451,Male,Yes,1,Graduate,Yes,10513.0,3850.0,160.0,180.0,Yes,Urban,N,375575.05
129,LP001465,Male,Yes,0,Graduate,No,6080.0,2569.0,182.0,360.0,Yes,Rural,N,240421.87
130,LP001469,Male,No,0,Graduate,Yes,20166.0,0.0,650.0,480.0,Yes,Urban,Y,804564.78
131,LP001473,Male,No,0,Graduate,No,2014.0,1929.0,74.0,360.0,Yes,Urban,Y,79639.75
132,LP001478,Male,No,0,Graduate,No,2718.0,0.0,70.0,360.0,Yes,Semiurban,Y,107478.07
133,LP001482,Male,Yes,0,Graduate,Yes,3459.0,0.0,25.0,120.0,Yes,Semiurban,Y,107199.33
134,LP001487,Male,No,0,Graduate,No,4895.0,0.0,102.0,360.0,Yes,Semiurban,Y,193563.33
135,LP001488,Male,Yes,3+,Graduate,No,4000.0,7750.0,290.0,360.0,Yes,Semiurban,N,158172.28
136,LP001489,Female,Yes,0,Graduate,No,4583.0,0.0,84.0,360.0,Yes,Rural,N,181225.9
137,LP001491,Male,Yes,2,Graduate,Yes,3316.0,3500.0,88.0,360.0,Yes,Urban,Y,131124.82
138,LP001492,Male,No,0,Graduate,No,14999.0,0.0,242.0,360.0,Yes,Semiurban,N,593106.53
139,LP001493,Male,Yes,2,Not Graduate,No,4200.0,1430.0,129.0,360.0,Yes,Rural,N,166080.9
140,LP001497,Male,Yes,2,Graduate,No,5042.0,2083.0,185.0,360.0,Yes,Rural,N,199376.17
141,LP001498,Male,No,0,Graduate,No,5417.0,0.0,168.0,360.0,Yes,Urban,Y,214204.82
142,LP001504,Male,No,0,Graduate,Yes,6950.0,0.0,175.0,180.0,Yes,Semiurban,Y,248287.51
143,LP001507,Male,Yes,0,Graduate,No,2698.0,2034.0,122.0,360.0,Yes,Semiurban,Y,106687.21
144,LP001508,Male,Yes,2,Graduate,No,11757.0,0.0,187.0,180.0,Yes,Urban,Y,420016.73
145,LP001514,Female,Yes,0,Graduate,No,2330.0,4486.0,100.0,360.0,Yes,Semiurban,Y,92135.36
146,LP001516,Female,Yes,2,Graduate,No,14866.0,0.0,70.0,360.0,Yes,Urban,Y,587847.3
147,LP001518,Male,Yes,1,Graduate,No,1538.0,1425.0,30.0,360.0,Yes,Urban,Y,60817.24
148,LP001519,Female,No,0,Graduate,No,10000.0,1666.0,225.0,360.0,Yes,Rural,N,395430.71
149,LP001520,Male,Yes,0,Graduate,No,4860.0,830.0,125.0,360.0,Yes,Semiurban,Y,192179.33
150,LP001528,Male,No,0,Graduate,No,6277.0,0.0,118.0,360.0,Yes,Rural,N,248211.86
151,LP001529,Male,Yes,0,Graduate,Yes,2577.0,3750.0,152.0,360.0,Yes,Rural,Y,101902.49
152,LP001531,Male,No,0,Graduate,No,9166.0,0.0,244.0,360.0,Yes,Urban,N,362451.79
153,LP001532,Male,Yes,2,Not Graduate,No,2281.0,0.0,113.0,360.0,Yes,Rural,N,90197.75
154,LP001535,Male,No,0,Graduate,No,3254.0,0.0,50.0,360.0,Yes,Urban,Y,128673.15
155,LP001536,Male,Yes,3+,Graduate,No,39999.0,0.0,600.0,180.0,Yes,Semiurban,Y,1428957.14
156,LP001541,Male,Yes,1,Graduate,No,6000.0,0.0,160.0,360.0,Yes,Rural,Y,237258.43
157,LP001543,Male,Yes,1,Graduate,No,9538.0,0.0,187.0,360.0,Yes,Urban,Y,377161.81
158,LP001546,Male,No,0,Graduate,No,2980.0,2083.0,120.0,360.0,Yes,Rural,Y,117838.35
159,LP001552,Male,Yes,0,Graduate,No,4583.0,5625.0,255.0,360.0,Yes,Semiurban,Y,181225.9
160,LP001560,Male,Yes,0,Not Graduate,No,1863.0,1041.0,98.0,360.0,Yes,Semiurban,Y,73668.74
161,LP001562,Male,Yes,0,Graduate,No,7933.0,0.0,275.0,360.0,Yes,Urban,N,313695.18
162,LP001565,Male,Yes,1,Graduate,No,3089.0,1280.0,121.0,360.0,Yes,Semiurban,N,122148.55
163,LP001570,Male,Yes,2,Graduate,No,4167.0,1447.0,158.0,360.0,Yes,Rural,Y,164775.98
164,LP001572,Male,Yes,0,Graduate,No,9323.0,0.0,75.0,180.0,Yes,Urban,Y,333062.51
165,LP001574,Male,Yes,0,Graduate,No,3707.0,3166.0,182.0,342.0,Yes,Rural,Y,146161.73
166,LP001577,Female,Yes,0,Graduate,No,4583.0,0.0,112.0,360.0,Yes,Rural,N,181225.9
167,LP001578,Male,Yes,0,Graduate,No,2439.0,3333.0,129.0,360.0,Yes,Rural,Y,96445.55
168,LP001579,Male,No,0,Graduate,No,2237.0,0.0,63.0,480.0,Yes,Semiurban,N,89249.8
169,LP001580,Male,Yes,2,Graduate,No,8000.0,0.0,200.0,360.0,Yes,Semiurban,Y,316344.57
170,LP001581,Male,Yes,0,Not Graduate,No,1820.0,1769.0,95.0,360.0,Yes,Rural,Y,71968.39
171,LP001585,Male,Yes,3+,Graduate,No,51763.0,0.0,700.0,300.0,Yes,Urban,Y,2020680.94
172,LP001586,Male,Yes,3+,Not Graduate,No,3522.0,0.0,81.0,180.0,Yes,Rural,N,125822.82
173,LP001594,Male,Yes,0,Graduate,No,5708.0,5625.0,187.0,360.0,Yes,Semiurban,Y,225711.85
174,LP001603,Male,Yes,0,Not Graduate,Yes,4344.0,736.0,87.0,360.0,Yes,Semiurban,N,171775.1
175,LP001606,Male,Yes,0,Graduate,No,3497.0,1964.0,116.0,360.0,Yes,Rural,Y,138282.12
176,LP001608,Male,Yes,2,Graduate,No,2045.0,1619.0,101.0,360.0,Yes,Rural,Y,80865.58
177,LP001610,Male,Yes,3+,Graduate,No,5516.0,11300.0,495.0,360.0,Yes,Semiurban,N,218119.58
178,LP001616,Male,Yes,1,Graduate,No,3750.0,0.0,116.0,360.0,Yes,Semiurban,Y,148286.52
179,LP001630,Male,No,0,Not Graduate,No,2333.0,1451.0,102.0,480.0,Yes,Urban,N,93079.92
180,LP001633,Male,Yes,1,Graduate,No,6400.0,7250.0,180.0,360.0,Yes,Urban,N,253075.66
181,LP001634,Male,No,0,Graduate,No,1916.0,5063.0,67.0,360.0,Yes,Rural,N,75764.52
182,LP001636,Male,Yes,0,Graduate,No,4600.0,0.0,73.0,180.0,Yes,Semiurban,Y,164334.18
183,LP001637,Male,Yes,1,Graduate,No,33846.0,0.0,260.0,360.0,Yes,Semiurban,N,1338374.79
184,LP001639,Female,Yes,0,Graduate,No,3625.0,0.0,108.0,360.0,Yes,Semiurban,Y,143343.63
185,LP001640,Male,Yes,0,Graduate,Yes,39147.0,4750.0,120.0,360.0,Yes,Semiurban,Y,1547992.61
186,LP001641,Male,Yes,1,Graduate,Yes,2178.0,0.0,66.0,300.0,Yes,Rural,N,85022.95
187,LP001643,Male,Yes,0,Graduate,No,2383.0,2138.0,58.0,360.0,Yes,Rural,Y,94231.14
188,LP001644,Male,Yes,0,Graduate,Yes,674.0,5296.0,168.0,360.0,Yes,Rural,Y,26652.03
189,LP001647,Male,Yes,0,Graduate,No,9328.0,0.0,188.0,180.0,Yes,Rural,Y,333241.14
190,LP001653,Male,No,0,Not Graduate,No,4885.0,0.0,48.0,360.0,Yes,Rural,Y,193167.9
191,LP001656,Male,No,0,Graduate,No,12000.0,0.0,164.0,360.0,Yes,Semiurban,N,474516.85
192,LP001657,Male,Yes,0,Not Graduate,No,6033.0,0.0,160.0,360.0,Yes,Urban,N,238563.35
193,LP001658,Male,No,0,Graduate,No,3858.0,0.0,76.0,360.0,Yes,Semiurban,Y,152557.17
194,LP001664,Male,No,0,Graduate,No,4191.0,0.0,120.0,360.0,Yes,Rural,Y,165725.01
195,LP001665,Male,Yes,1,Graduate,No,3125.0,2583.0,170.0,360.0,Yes,Semiurban,N,123572.1
196,LP001666,Male,No,0,Graduate,No,8333.0,3750.0,187.0,360.0,Yes,Rural,Y,329512.41
197,LP001669,Female,No,0,Not Graduate,No,1907.0,2365.0,120.0,342.0,Yes,Urban,Y,75190.29
198,LP001671,Female,Yes,0,Graduate,No,3416.0,2816.0,113.0,360.0,Yes,Semiurban,Y,135079.13
199,LP001673,Male,No,0,Graduate,Yes,11000.0,0.0,83.0,360.0,Yes,Urban,N,434973.78
200,LP001674,Male,Yes,1,Not Graduate,No,2600.0,2500.0,90.0,360.0,Yes,Semiurban,Y,102811.99
201,LP001677,Male,No,2,Graduate,No,4923.0,0.0,166.0,360.0,Yes,Semiurban,Y,194670.54
202,LP001682,Male,Yes,3+,Not Graduate,No,3992.0,0.0,146.41216216216216,180.0,Yes,Urban,N,142613.49
203,LP001688,Male,Yes,1,Not Graduate,No,3500.0,1083.0,135.0,360.0,Yes,Urban,Y,138400.75
204,LP001691,Male,Yes,2,Not Graduate,No,3917.0,0.0,124.0,360.0,Yes,Semiurban,Y,154890.21
205,LP001692,Female,No,0,Not Graduate,No,4408.0,0.0,120.0,360.0,Yes,Semiurban,Y,174305.86
206,LP001693,Female,No,0,Graduate,No,3244.0,0.0,80.0,360.0,Yes,Urban,Y,128277.72
207,LP001698,Male,No,0,Not Graduate,No,3975.0,2531.0,55.0,360.0,Yes,Rural,Y,157183.71
208,LP001699,Male,No,0,Graduate,No,2479.0,0.0,59.0,360.0,Yes,Urban,Y,98027.27
209,LP001702,Male,No,0,Graduate,No,3418.0,0.0,127.0,360.0,Yes,Semiurban,N,135158.22
210,LP001708,Female,No,0,Graduate,No,10000.0,0.0,214.0,360.0,Yes,Semiurban,N,395430.71
211,LP001711,Male,Yes,3+,Graduate,No,3430.0,1250.0,128.0,360.0,Yes,Semiurban,N,135632.73
212,LP001713,Male,Yes,1,Graduate,Yes,7787.0,0.0,240.0,360.0,Yes,Urban,Y,307921.9
213,LP001715,Male,Yes,3+,Not Graduate,Yes,5703.0,0.0,130.0,360.0,Yes,Rural,Y,225514.14
214,LP001716,Male,Yes,0,Graduate,No,3173.0,3021.0,137.0,360.0,Yes,Urban,Y,125470.16
215,LP001720,Male,Yes,3+,Not Graduate,No,3850.0,983.0,100.0,360.0,Yes,Semiurban,Y,152240.82
216,LP001722,Male,Yes,0,Graduate,No,150.0,1800.0,135.0,360.0,Yes,Rural,N,5931.46
217,LP001726,Male,Yes,0,Graduate,No,3727.0,1775.0,131.0,360.0,Yes,Semiurban,Y,147377.03
218,LP001732,Male,Yes,2,Graduate,No,5000.0,0.0,72.0,360.0,Yes,Semiurban,N,197715.36
219,LP001734,Female,Yes,2,Graduate,No,4283.0,2383.0,127.0,360.0,Yes,Semiurban,Y,169362.97
220,LP001736,Male,Yes,0,Graduate,No,2221.0,0.0,60.0,360.0,Yes,Urban,N,87825.16
221,LP001743,Male,Yes,2,Graduate,No,4009.0,1717.0,116.0,360.0,Yes,Semiurban,Y,158528.17
222,LP001744,Male,No,0,Graduate,No,2971.0,2791.0,144.0,360.0,Yes,Semiurban,Y,117482.46
223,LP001749,Male,Yes,0,Graduate,No,7578.0,1010.0,175.0,342.0,Yes,Semiurban,Y,298789.74
224,LP001750,Male,Yes,0,Graduate,No,6250.0,0.0,128.0,360.0,Yes,Semiurban,Y,247144.2
225,LP001751,Male,Yes,0,Graduate,No,3250.0,0.0,170.0,360.0,Yes,Rural,N,128514.98
226,LP001754,Male,Yes,0,Not Graduate,Yes,4735.0,0.0,138.0,360.0,Yes,Urban,N,187236.44
227,LP001758,Male,Yes,2,Graduate,No,6250.0,1695.0,210.0,360.0,Yes,Semiurban,Y,247144.2
228,LP001760,Male,Yes,0,Graduate,No,4758.0,0.0,158.0,480.0,Yes,Semiurban,Y,189830.37
229,LP001761,Male,No,0,Graduate,Yes,6400.0,0.0,200.0,360.0,Yes,Rural,Y,253075.66
230,LP001765,Male,Yes,1,Graduate,No,2491.0,2054.0,104.0,360.0,Yes,Semiurban,Y,98501.79
231,LP001768,Male,Yes,0,Graduate,No,3716.0,0.0,42.0,180.0,Yes,Rural,Y,132753.44
232,LP001770,Male,No,0,Not Graduate,No,3189.0,2598.0,120.0,342.0,Yes,Rural,Y,125737.73
233,LP001776,Female,No,0,Graduate,No,8333.0,0.0,280.0,360.0,Yes,Semiurban,Y,329512.41
234,LP001778,Male,Yes,1,Graduate,No,3155.0,1779.0,140.0,360.0,Yes,Semiurban,Y,124758.39
235,LP001784,Male,Yes,1,Graduate,No,5500.0,1260.0,170.0,360.0,Yes,Rural,Y,217486.89
236,LP001786,Male,Yes,0,Graduate,No,5746.0,0.0,255.0,360.0,Yes,Urban,N,227214.49
237,LP001788,Female,No,0,Graduate,Yes,3463.0,0.0,122.0,360.0,Yes,Urban,Y,136937.66
238,LP001790,Female,No,1,Graduate,No,3812.0,0.0,112.0,360.0,Yes,Rural,Y,150738.19
239,LP001792,Male,Yes,1,Graduate,No,3315.0,0.0,96.0,360.0,Yes,Semiurban,Y,131085.28
240,LP001798,Male,Yes,2,Graduate,No,5819.0,5000.0,120.0,360.0,Yes,Rural,Y,230101.13
241,LP001800,Male,Yes,1,Not Graduate,No,2510.0,1983.0,140.0,180.0,Yes,Urban,N,89669.3
242,LP001806,Male,No,0,Graduate,No,2965.0,5701.0,155.0,60.0,Yes,Urban,Y,62316.28
243,LP001807,Male,Yes,2,Graduate,Yes,6250.0,1300.0,108.0,360.0,Yes,Rural,Y,247144.2
244,LP001811,Male,Yes,0,Not Graduate,No,3406.0,4417.0,123.0,360.0,Yes,Semiurban,Y,134683.7
245,LP001813,Male,No,0,Graduate,Yes,6050.0,4333.0,120.0,180.0,Yes,Urban,N,216135.17
246,LP001814,Male,Yes,2,Graduate,No,9703.0,0.0,112.0,360.0,Yes,Urban,Y,383686.42
247,LP001819,Male,Yes,1,Not Graduate,No,6608.0,0.0,137.0,180.0,Yes,Urban,Y,236069.62
248,LP001824,Male,Yes,1,Graduate,No,2882.0,1843.0,123.0,480.0,Yes,Semiurban,Y,114983.42
249,LP001825,Male,Yes,0,Graduate,No,1809.0,1868.0,90.0,360.0,Yes,Urban,Y,71533.42
250,LP001835,Male,Yes,0,Not Graduate,No,1668.0,3890.0,201.0,360.0,Yes,Semiurban,N,65957.84
251,LP001836,Female,No,2,Graduate,No,3427.0,0.0,138.0,360.0,Yes,Urban,N,135514.11
252,LP001841,Male,No,0,Not Graduate,Yes,2583.0,2167.0,104.0,360.0,Yes,Rural,Y,102139.75
253,LP001843,Male,Yes,1,Not Graduate,No,2661.0,7101.0,279.0,180.0,Yes,Semiurban,Y,95063.75
254,LP001844,Male,No,0,Graduate,Yes,16250.0,0.0,192.0,360.0,Yes,Urban,N,642574.91
255,LP001846,Female,No,3+,Graduate,No,3083.0,0.0,255.0,360.0,Yes,Rural,Y,121911.29
256,LP001849,Male,No,0,Not Graduate,No,6045.0,0.0,115.0,360.0,Yes,Rural,N,239037.87
257,LP001854,Male,Yes,3+,Graduate,No,5250.0,0.0,94.0,360.0,Yes,Urban,N,207601.12
258,LP001859,Male,Yes,0,Graduate,No,14683.0,2100.0,304.0,360.0,Yes,Rural,N,580610.91
259,LP001864,Male,Yes,3+,Not Graduate,No,4931.0,0.0,128.0,360.0,Yes,Semiurban,N,194986.88
260,LP001865,Male,Yes,1,Graduate,No,6083.0,4250.0,330.0,360.0,Yes,Urban,Y,240540.5
261,LP001868,Male,No,0,Graduate,No,2060.0,2209.0,134.0,360.0,Yes,Semiurban,Y,81458.73
262,LP001870,Female,No,1,Graduate,No,3481.0,0.0,155.0,36.0,Yes,Semiurban,N,50208.67
263,LP001871,Female,No,0,Graduate,No,7200.0,0.0,120.0,360.0,Yes,Rural,Y,284710.11
264,LP001872,Male,No,0,Graduate,Yes,5166.0,0.0,128.0,360.0,Yes,Semiurban,Y,204279.51
265,LP001875,Male,No,0,Graduate,No,4095.0,3447.0,151.0,360.0,Yes,Rural,Y,161928.88
266,LP001877,Male,Yes,2,Graduate,No,4708.0,1387.0,150.0,360.0,Yes,Semiurban,Y,186168.78
267,LP001882,Male,Yes,3+,Graduate,No,4333.0,1811.0,160.0,360.0,Yes,Urban,Y,171340.13
268,LP001883,Female,No,0,Graduate,No,3418.0,0.0,135.0,360.0,Yes,Rural,N,135158.22
269,LP001884,Female,No,1,Graduate,No,2876.0,1560.0,90.0,360.0,Yes,Urban,Y,113725.87
270,LP001888,Female,No,0,Graduate,No,3237.0,0.0,30.0,360.0,Yes,Urban,Y,128000.92
271,LP001891,Male,Yes,0,Graduate,No,11146.0,0.0,136.0,360.0,Yes,Urban,Y,440747.07
272,LP001892,Male,No,0,Graduate,No,2833.0,1857.0,126.0,360.0,Yes,Rural,Y,112025.52
273,LP001894,Male,Yes,0,Graduate,No,2620.0,2223.0,150.0,360.0,Yes,Semiurban,Y,103602.85
274,LP001896,Male,Yes,2,Graduate,No,3900.0,0.0,90.0,360.0,Yes,Semiurban,Y,154217.98
275,LP001900,Male,Yes,1,Graduate,No,2750.0,1842.0,115.0,360.0,Yes,Semiurban,Y,108743.45
276,LP001903,Male,Yes,0,Graduate,No,3993.0,3274.0,207.0,360.0,Yes,Semiurban,Y,157895.48
277,LP001904,Male,Yes,0,Graduate,No,3103.0,1300.0,80.0,360.0,Yes,Urban,Y,122702.15
278,LP001907,Male,Yes,0,Graduate,No,14583.0,0.0,436.0,360.0,Yes,Semiurban,Y,576656.61
279,LP001908,Female,Yes,0,Not Graduate,No,4100.0,0.0,124.0,360.0,Yes,Rural,Y,162126.59
280,LP001910,Male,No,1,Not Graduate,Yes,4053.0,2426.0,158.0,360.0,Yes,Urban,N,160268.07
281,LP001914,Male,Yes,0,Graduate,No,3927.0,800.0,112.0,360.0,Yes,Semiurban,Y,155285.64
282,LP001915,Male,Yes,2,Graduate,No,2301.0,985.7999878,78.0,180.0,Yes,Urban,Y,82202.81
283,LP001917,Female,No,0,Graduate,No,1811.0,1666.0,54.0,360.0,Yes,Urban,Y,71612.5
284,LP001922,Male,Yes,0,Graduate,No,20667.0,0.0,146.41216216216216,360.0,Yes,Rural,N,817236.65
285,LP001924,Male,No,0,Graduate,No,3158.0,3053.0,89.0,360.0,Yes,Rural,Y,124877.02
286,LP001925,Female,No,0,Graduate,Yes,2600.0,1717.0,99.0,300.0,Yes,Semiurban,N,101496.64
287,LP001926,Male,Yes,0,Graduate,No,3704.0,2000.0,120.0,360.0,Yes,Rural,Y,146467.54
288,LP001931,Female,No,0,Graduate,No,4124.0,0.0,115.0,360.0,Yes,Semiurban,Y,163075.63
289,LP001935,Male,No,0,Graduate,No,9508.0,0.0,187.0,360.0,Yes,Rural,Y,375975.52
290,LP001936,Male,Yes,0,Graduate,No,3075.0,2416.0,139.0,360.0,Yes,Rural,Y,121594.94
291,LP001938,Male,Yes,2,Graduate,No,4400.0,0.0,127.0,360.0,Yes,Semiurban,N,173989.51
292,LP001940,Male,Yes,2,Graduate,No,3153.0,1560.0,134.0,360.0,Yes,Urban,Y,124679.3
293,LP001945,Female,No,0,Graduate,No,5417.0,0.0,143.0,480.0,Yes,Urban,N,216122.55
294,LP001947,Male,Yes,0,Graduate,No,2383.0,3334.0,172.0,360.0,Yes,Semiurban,Y,94231.14
295,LP001949,Male,Yes,3+,Graduate,No,4416.0,1250.0,110.0,360.0,Yes,Urban,Y,174622.2
296,LP001953,Male,Yes,1,Graduate,No,6875.0,0.0,200.0,360.0,Yes,Semiurban,Y,271858.61
297,LP001954,Female,Yes,1,Graduate,No,4666.0,0.0,135.0,360.0,Yes,Urban,Y,184507.97
298,LP001955,Female,No,0,Graduate,No,5000.0,2541.0,151.0,480.0,Yes,Rural,N,199485.47
299,LP001963,Male,Yes,1,Graduate,No,2014.0,2925.0,113.0,360.0,Yes,Urban,N,79639.75
300,LP001964,Male,Yes,0,Not Graduate,No,1800.0,2934.0,93.0,360.0,Yes,Urban,N,71177.53
301,LP001972,Male,Yes,0,Not Graduate,No,2875.0,1750.0,105.0,360.0,Yes,Semiurban,Y,113686.33
302,LP001974,Female,No,0,Graduate,No,5000.0,0.0,132.0,360.0,Yes,Rural,Y,197715.36
303,LP001977,Male,Yes,1,Graduate,No,1625.0,1803.0,96.0,360.0,Yes,Urban,Y,64257.49
304,LP001978,Male,No,0,Graduate,No,4000.0,2500.0,140.0,360.0,Yes,Rural,Y,158172.28
305,LP001990,Male,No,0,Not Graduate,No,2000.0,0.0,146.41216216216216,360.0,Yes,Urban,N,79086.14
306,LP001993,Female,No,0,Graduate,No,3762.0,1666.0,135.0,360.0,Yes,Rural,Y,148761.03
307,LP001994,Female,No,0,Graduate,No,2400.0,1863.0,104.0,360.0,Yes,Urban,N,94903.37
308,LP001996,Male,No,0,Graduate,No,20233.0,0.0,480.0,360.0,Yes,Rural,N,800074.96
309,LP001998,Male,Yes,2,Not Graduate,No,7667.0,0.0,185.0,360.0,Yes,Rural,Y,303176.73
310,LP002002,Female,No,0,Graduate,No,2917.0,0.0,84.0,360.0,Yes,Semiurban,Y,115347.14
311,LP002004,Male,No,0,Not Graduate,No,2927.0,2405.0,111.0,360.0,Yes,Semiurban,Y,115742.57
312,LP002006,Female,No,0,Graduate,No,2507.0,0.0,56.0,360.0,Yes,Rural,Y,99134.48
313,LP002008,Male,Yes,2,Graduate,Yes,5746.0,0.0,144.0,84.0,Yes,Rural,Y,148885.14
314,LP002024,Male,Yes,0,Graduate,No,2473.0,1843.0,159.0,360.0,Yes,Rural,N,97790.02
315,LP002031,Male,Yes,1,Not Graduate,No,3399.0,1640.0,111.0,180.0,Yes,Urban,Y,121428.67
316,LP002035,Male,Yes,2,Graduate,No,3717.0,0.0,120.0,360.0,Yes,Semiurban,Y,146981.6
317,LP002036,Male,Yes,0,Graduate,No,2058.0,2134.0,88.0,360.0,Yes,Urban,Y,81379.64
318,LP002043,Female,No,1,Graduate,No,3541.0,0.0,112.0,360.0,Yes,Semiurban,Y,140022.02
319,LP002050,Male,Yes,1,Graduate,Yes,10000.0,0.0,155.0,360.0,Yes,Rural,N,395430.71
320,LP002051,Male,Yes,0,Graduate,No,2400.0,2167.0,115.0,360.0,Yes,Semiurban,Y,94903.37
321,LP002053,Male,Yes,3+,Graduate,No,4342.0,189.0,124.0,360.0,Yes,Semiurban,Y,171696.02
322,LP002054,Male,Yes,2,Not Graduate,No,3601.0,1590.0,146.41216216216216,360.0,Yes,Rural,Y,142394.6
323,LP002055,Female,No,0,Graduate,No,3166.0,2985.0,132.0,360.0,Yes,Rural,Y,125193.36
324,LP002065,Male,Yes,3+,Graduate,No,15000.0,0.0,300.0,360.0,Yes,Rural,Y,593146.07
325,LP002067,Male,Yes,1,Graduate,Yes,8666.0,4983.0,376.0,360.0,Yes,Rural,N,342680.26
326,LP002068,Male,No,0,Graduate,No,4917.0,0.0,130.0,360.0,Yes,Rural,Y,194433.28
327,LP002082,Male,Yes,0,Graduate,Yes,5818.0,2160.0,184.0,360.0,Yes,Semiurban,Y,230061.59
328,LP002086,Female,Yes,0,Graduate,No,4333.0,2451.0,110.0,360.0,Yes,Urban,N,171340.13
329,LP002087,Female,No,0,Graduate,No,2500.0,0.0,67.0,360.0,Yes,Urban,Y,98857.68
330,LP002097,Male,No,1,Graduate,No,4384.0,1793.0,117.0,360.0,Yes,Urban,Y,173356.82
331,LP002098,Male,No,0,Graduate,No,2935.0,0.0,98.0,360.0,Yes,Semiurban,Y,116058.91
332,LP002100,Male,No,0,Graduate,No,2833.0,0.0,71.0,360.0,Yes,Urban,Y,112025.52
333,LP002101,Male,Yes,0,Graduate,No,63337.0,0.0,490.0,180.0,Yes,Urban,Y,2262703.02
334,LP002103,Male,Yes,1,Graduate,Yes,9833.0,1833.0,182.0,180.0,Yes,Urban,Y,351282.17
335,LP002106,Male,Yes,0,Graduate,Yes,5503.0,4490.0,70.0,342.0,Yes,Semiurban,Y,216975.45
336,LP002110,Male,Yes,1,Graduate,No,5250.0,688.0,160.0,360.0,Yes,Rural,Y,207601.12
337,LP002112,Male,Yes,2,Graduate,Yes,2500.0,4600.0,176.0,360.0,Yes,Rural,Y,98857.68
338,LP002113,Female,No,3+,Not Graduate,No,1830.0,0.0,146.41216216216216,360.0,Yes,Urban,N,72363.82
339,LP002114,Female,No,0,Graduate,No,4160.0,0.0,71.0,360.0,Yes,Semiurban,Y,164499.18
340,LP002115,Male,Yes,3+,Not Graduate,No,2647.0,1587.0,173.0,360.0,Yes,Rural,N,104670.51
341,LP002116,Female,No,0,Graduate,No,2378.0,0.0,46.0,360.0,Yes,Rural,N,94033.42
342,LP002119,Male,Yes,1,Not Graduate,No,4554.0,1229.0,158.0,360.0,Yes,Urban,Y,180079.15
343,LP002126,Male,Yes,3+,Not Graduate,No,3173.0,0.0,74.0,360.0,Yes,Semiurban,Y,125470.16
344,LP002128,Male,Yes,2,Graduate,No,2583.0,2330.0,125.0,360.0,Yes,Rural,Y,102139.75
345,LP002129,Male,Yes,0,Graduate,No,2499.0,2458.0,160.0,360.0,Yes,Semiurban,Y,98818.13
346,LP002130,Male,Yes,0,Not Graduate,No,3523.0,3230.0,152.0,360.0,Yes,Rural,N,139310.24
347,LP002131,Male,Yes,2,Not Graduate,No,3083.0,2168.0,126.0,360.0,Yes,Urban,Y,121911.29
348,LP002137,Male,Yes,0,Graduate,No,6333.0,4583.0,259.0,360.0,Yes,Semiurban,Y,250426.27
349,LP002138,Male,Yes,0,Graduate,No,2625.0,6250.0,187.0,360.0,Yes,Rural,Y,103800.56
350,LP002139,Male,Yes,0,Graduate,No,9083.0,0.0,228.0,360.0,Yes,Semiurban,Y,359169.72
351,LP002140,Male,No,0,Graduate,No,8750.0,4167.0,308.0,360.0,Yes,Rural,N,346001.87
352,LP002141,Male,Yes,3+,Graduate,No,2666.0,2083.0,95.0,360.0,Yes,Rural,Y,105421.83
353,LP002142,Female,Yes,0,Graduate,Yes,5500.0,0.0,105.0,360.0,Yes,Rural,N,217486.89
354,LP002143,Female,Yes,0,Graduate,No,2423.0,505.0,130.0,360.0,Yes,Semiurban,Y,95812.86
355,LP002144,Female,No,0,Graduate,No,3813.0,0.0,116.0,180.0,Yes,Urban,Y,136218.74
356,LP002149,Male,Yes,2,Graduate,No,8333.0,3167.0,165.0,360.0,Yes,Rural,Y,329512.41
357,LP002151,Male,Yes,1,Graduate,No,3875.0,0.0,67.0,360.0,Yes,Urban,N,153229.4
358,LP002158,Male,Yes,0,Not Graduate,No,3000.0,1666.0,100.0,480.0,Yes,Urban,N,119691.28
359,LP002160,Male,Yes,3+,Graduate,No,5167.0,3167.0,200.0,360.0,Yes,Semiurban,Y,204319.05
360,LP002161,Female,No,1,Graduate,No,4723.0,0.0,81.0,360.0,Yes,Semiurban,N,186761.93
361,LP002170,Male,Yes,2,Graduate,No,5000.0,3667.0,236.0,360.0,Yes,Semiurban,Y,197715.36
362,LP002175,Male,Yes,0,Graduate,No,4750.0,2333.0,130.0,360.0,Yes,Urban,Y,187829.59
363,LP002178,Male,Yes,0,Graduate,No,3013.0,3033.0,95.0,300.0,Yes,Urban,Y,117618.99
364,LP002180,Male,No,0,Graduate,Yes,6822.0,0.0,141.0,360.0,Yes,Rural,Y,269762.83
365,LP002181,Male,No,0,Not Graduate,No,6216.0,0.0,133.0,360.0,Yes,Rural,N,245799.73
366,LP002187,Male,No,0,Graduate,No,2500.0,0.0,96.0,480.0,Yes,Semiurban,N,99742.73
367,LP002188,Male,No,0,Graduate,No,5124.0,0.0,124.0,342.0,Yes,Rural,N,202032.02
368,LP002190,Male,Yes,1,Graduate,No,6325.0,0.0,175.0,360.0,Yes,Semiurban,Y,250109.93
369,LP002191,Male,Yes,0,Graduate,No,19730.0,5266.0,570.0,360.0,Yes,Rural,N,780184.8
370,LP002194,Female,No,0,Graduate,Yes,15759.0,0.0,55.0,360.0,Yes,Semiurban,Y,623159.26
371,LP002197,Male,Yes,2,Graduate,No,5185.0,0.0,155.0,360.0,Yes,Semiurban,Y,205030.82
372,LP002201,Male,Yes,2,Graduate,Yes,9323.0,7873.0,380.0,300.0,Yes,Rural,Y,363943.52
373,LP002205,Male,No,1,Graduate,No,3062.0,1987.0,111.0,180.0,Yes,Urban,N,109389.4
374,LP002209,Female,No,0,Graduate,No,2764.0,1459.0,110.0,360.0,Yes,Urban,Y,109297.05
375,LP002211,Male,Yes,0,Graduate,No,4817.0,923.0,120.0,180.0,Yes,Urban,Y,172086.47
376,LP002219,Male,Yes,3+,Graduate,No,8750.0,4996.0,130.0,360.0,Yes,Rural,Y,346001.87
377,LP002223,Male,Yes,0,Graduate,No,4310.0,0.0,130.0,360.0,Yes,Semiurban,Y,170430.64
378,LP002224,Male,No,0,Graduate,No,3069.0,0.0,71.0,480.0,Yes,Urban,N,122444.18
379,LP002225,Male,Yes,2,Graduate,No,5391.0,0.0,130.0,360.0,Yes,Urban,Y,213176.7
380,LP002226,Male,Yes,0,Graduate,No,3333.0,2500.0,128.0,360.0,Yes,Semiurban,Y,131797.06
381,LP002229,Male,No,0,Graduate,No,5941.0,4232.0,296.0,360.0,Yes,Semiurban,Y,234925.39
382,LP002231,Female,No,0,Graduate,No,6000.0,0.0,156.0,360.0,Yes,Urban,Y,237258.43
383,LP002234,Male,No,0,Graduate,Yes,7167.0,0.0,128.0,360.0,Yes,Urban,Y,283405.19
384,LP002236,Male,Yes,2,Graduate,No,4566.0,0.0,100.0,360.0,Yes,Urban,N,180553.66
385,LP002237,Male,No,1,Graduate,No,3667.0,0.0,113.0,180.0,Yes,Urban,Y,131002.92
386,LP002239,Male,No,0,Not Graduate,No,2346.0,1600.0,132.0,360.0,Yes,Semiurban,Y,92768.05
387,LP002243,Male,Yes,0,Not Graduate,No,3010.0,3136.0,146.41216216216216,360.0,Yes,Urban,N,119024.64
388,LP002244,Male,Yes,0,Graduate,No,2333.0,2417.0,136.0,360.0,Yes,Urban,Y,92253.99
389,LP002250,Male,Yes,0,Graduate,No,5488.0,0.0,125.0,360.0,Yes,Rural,Y,217012.37
390,LP002255,Male,No,3+,Graduate,No,9167.0,0.0,185.0,360.0,Yes,Rural,Y,362491.33
391,LP002262,Male,Yes,3+,Graduate,No,9504.0,0.0,275.0,360.0,Yes,Rural,Y,375817.35
392,LP002263,Male,Yes,0,Graduate,No,2583.0,2115.0,120.0,360.0,Yes,Urban,Y,102139.75
393,LP002265,Male,Yes,2,Not Graduate,No,1993.0,1625.0,113.0,180.0,Yes,Semiurban,Y,71199.57
394,LP002266,Male,Yes,2,Graduate,No,3100.0,1400.0,113.0,360.0,Yes,Urban,Y,122583.52
395,LP002272,Male,Yes,2,Graduate,No,3276.0,484.0,135.0,360.0,Yes,Semiurban,Y,129543.1
396,LP002277,Female,No,0,Graduate,No,3180.0,0.0,71.0,360.0,Yes,Urban,N,125746.97
397,LP002281,Male,Yes,0,Graduate,No,3033.0,1459.0,95.0,360.0,Yes,Urban,Y,119934.14
398,LP002284,Male,No,0,Not Graduate,No,3902.0,1666.0,109.0,360.0,Yes,Rural,Y,154297.06
399,LP002287,Female,No,0,Graduate,No,1500.0,1800.0,103.0,360.0,Yes,Semiurban,N,59314.61
400,LP002288,Male,Yes,2,Not Graduate,No,2889.0,0.0,45.0,180.0,Yes,Urban,N,103209.01
401,LP002296,Male,No,0,Not Graduate,No,2755.0,0.0,65.0,300.0,Yes,Rural,N,107547.4
402,LP002297,Male,No,0,Graduate,No,2500.0,20000.0,103.0,360.0,Yes,Semiurban,Y,98857.68
403,LP002300,Female,No,0,Not Graduate,No,1963.0,0.0,53.0,360.0,Yes,Semiurban,Y,77623.05
404,LP002301,Female,No,0,Graduate,Yes,7441.0,0.0,194.0,360.0,Yes,Rural,N,294239.99
405,LP002305,Female,No,0,Graduate,No,4547.0,0.0,115.0,360.0,Yes,Semiurban,Y,179802.34
406,LP002308,Male,Yes,0,Not Graduate,No,2167.0,2400.0,115.0,360.0,Yes,Urban,Y,85689.84
407,LP002314,Female,No,0,Not Graduate,No,2213.0,0.0,66.0,360.0,Yes,Rural,Y,87508.82
408,LP002315,Male,Yes,1,Graduate,No,8300.0,0.0,152.0,300.0,Yes,Semiurban,N,324008.5
409,LP002317,Male,Yes,3+,Graduate,No,81000.0,0.0,360.0,360.0,Yes,Rural,N,3202988.77
410,LP002318,Female,No,1,Not Graduate,Yes,3867.0,0.0,62.0,360.0,Yes,Semiurban,N,152913.06
411,LP002319,Male,Yes,0,Graduate,No,6256.0,0.0,160.0,360.0,Yes,Urban,Y,247381.45
412,LP002328,Male,Yes,0,Not Graduate,No,6096.0,0.0,218.0,360.0,Yes,Rural,N,241054.56
413,LP002332,Male,Yes,0,Not Graduate,No,2253.0,2033.0,110.0,360.0,Yes,Rural,Y,89090.54
414,LP002335,Female,Yes,0,Not Graduate,No,2149.0,3237.0,178.0,360.0,Yes,Semiurban,N,84978.06
415,LP002337,Female,No,0,Graduate,No,2995.0,0.0,60.0,360.0,Yes,Urban,Y,118431.5
416,LP002341,Female,No,1,Graduate,No,2600.0,0.0,160.0,360.0,Yes,Urban,N,102811.99
417,LP002342,Male,Yes,2,Graduate,Yes,1600.0,20000.0,239.0,360.0,Yes,Urban,N,63268.91
418,LP002345,Male,Yes,0,Graduate,No,1025.0,2773.0,112.0,360.0,Yes,Rural,Y,40531.65
419,LP002347,Male,Yes,0,Graduate,No,3246.0,1417.0,138.0,360.0,Yes,Semiurban,Y,128356.81
420,LP002348,Male,Yes,0,Graduate,No,5829.0,0.0,138.0,360.0,Yes,Rural,Y,230496.56
421,LP002357,Female,No,0,Not Graduate,No,2720.0,0.0,80.0,342.0,Yes,Urban,N,107245.72
422,LP002361,Male,Yes,0,Graduate,No,1820.0,1719.0,100.0,360.0,Yes,Urban,Y,71968.39
423,LP002362,Male,Yes,1,Graduate,No,7250.0,1667.0,110.0,342.0,Yes,Urban,N,285857.17
424,LP002364,Male,Yes,0,Graduate,No,14880.0,0.0,96.0,360.0,Yes,Semiurban,Y,588400.9
425,LP002366,Male,Yes,0,Graduate,No,2666.0,4300.0,121.0,360.0,Yes,Rural,Y,105421.83
426,LP002367,Female,No,1,Not Graduate,No,4606.0,0.0,81.0,360.0,Yes,Rural,N,182135.39
427,LP002368,Male,Yes,2,Graduate,No,5935.0,0.0,133.0,360.0,Yes,Semiurban,Y,234688.13
428,LP002369,Male,Yes,0,Graduate,No,2920.0,16.12000084,87.0,360.0,Yes,Rural,Y,115465.77
429,LP002370,Male,No,0,Not Graduate,No,2717.0,0.0,60.0,180.0,Yes,Urban,Y,97064.34
430,LP002377,Female,No,1,Graduate,Yes,8624.0,0.0,150.0,360.0,Yes,Semiurban,Y,341019.45
431,LP002379,Male,No,0,Graduate,No,6500.0,0.0,105.0,360.0,Yes,Rural,N,257029.96
432,LP002386,Male,No,0,Graduate,No,12876.0,0.0,405.0,360.0,Yes,Semiurban,Y,509156.59
433,LP002387,Male,Yes,0,Graduate,No,2425.0,2340.0,143.0,360.0,Yes,Semiurban,Y,95891.95
434,LP002390,Male,No,0,Graduate,No,3750.0,0.0,100.0,360.0,Yes,Urban,Y,148286.52
435,LP002393,Female,Yes,0,Graduate,No,10047.0,0.0,146.41216216216216,240.0,Yes,Semiurban,Y,381496.03
436,LP002398,Male,No,0,Graduate,No,1926.0,1851.0,50.0,360.0,Yes,Semiurban,Y,76159.96
437,LP002401,Male,Yes,0,Graduate,No,2213.0,1125.0,146.41216216216216,360.0,Yes,Urban,Y,87508.82
438,LP002403,Male,No,0,Graduate,Yes,10416.0,0.0,187.0,360.0,Yes,Urban,N,411880.63
439,LP002407,Female,Yes,0,Not Graduate,Yes,7142.0,0.0,138.0,360.0,Yes,Rural,Y,282416.61
440,LP002408,Male,No,0,Graduate,No,3660.0,5064.0,187.0,360.0,Yes,Semiurban,Y,144727.64
441,LP002409,Male,Yes,0,Graduate,No,7901.0,1833.0,180.0,360.0,Yes,Rural,Y,312429.81
442,LP002418,Male,No,3+,Not Graduate,No,4707.0,1993.0,148.0,360.0,Yes,Semiurban,Y,186129.24
443,LP002422,Male,No,1,Graduate,No,37719.0,0.0,152.0,360.0,Yes,Semiurban,Y,1491525.1
444,LP002424,Male,Yes,0,Graduate,No,7333.0,8333.0,175.0,300.0,Yes,Rural,Y,286259.55
445,LP002429,Male,Yes,1,Graduate,Yes,3466.0,1210.0,130.0,360.0,Yes,Rural,Y,137056.28
446,LP002434,Male,Yes,2,Not Graduate,No,4652.0,0.0,110.0,360.0,Yes,Rural,Y,183954.37
447,LP002435,Male,Yes,0,Graduate,No,3539.0,1376.0,55.0,360.0,Yes,Rural,N,139942.93
448,LP002443,Male,Yes,2,Graduate,No,3340.0,1710.0,150.0,360.0,Yes,Rural,N,132073.86
449,LP002444,Male,No,1,Not Graduate,Yes,2769.0,1542.0,190.0,360.0,Yes,Semiurban,N,109494.76
450,LP002446,Male,Yes,2,Not Graduate,No,2309.0,1255.0,125.0,360.0,Yes,Rural,N,91304.95
451,LP002447,Male,Yes,2,Not Graduate,No,1958.0,1456.0,60.0,300.0,Yes,Urban,Y,76434.78
452,LP002448,Male,Yes,0,Graduate,No,3948.0,1733.0,149.0,360.0,Yes,Rural,N,156116.05
453,LP002449,Male,Yes,0,Graduate,No,2483.0,2466.0,90.0,180.0,Yes,Rural,Y,88704.73
454,LP002453,Male,No,0,Graduate,Yes,7085.0,0.0,84.0,360.0,Yes,Semiurban,Y,280162.66
455,LP002455,Male,Yes,2,Graduate,No,3859.0,0.0,96.0,360.0,Yes,Semiurban,Y,152596.71
456,LP002459,Male,Yes,0,Graduate,No,4301.0,0.0,118.0,360.0,Yes,Urban,Y,170074.75
457,LP002467,Male,Yes,0,Graduate,No,3708.0,2569.0,173.0,360.0,Yes,Urban,N,146625.71
458,LP002472,Male,No,2,Graduate,No,4354.0,0.0,136.0,360.0,Yes,Rural,Y,172170.53
459,LP002473,Male,Yes,0,Graduate,No,8334.0,0.0,160.0,360.0,Yes,Semiurban,N,329551.96
460,LP002478,Male,Yes,0,Graduate,Yes,2083.0,4083.0,160.0,360.0,Yes,Semiurban,Y,82368.22
461,LP002484,Male,Yes,3+,Graduate,No,7740.0,0.0,128.0,180.0,Yes,Urban,Y,276510.12
462,LP002487,Male,Yes,0,Graduate,No,3015.0,2188.0,153.0,360.0,Yes,Rural,Y,119222.36
463,LP002489,Female,No,1,Not Graduate,No,5191.0,0.0,132.0,360.0,Yes,Semiurban,Y,205268.08
464,LP002493,Male,No,0,Graduate,No,4166.0,0.0,98.0,360.0,Yes,Semiurban,N,164736.43
465,LP002494,Male,No,0,Graduate,No,6000.0,0.0,140.0,360.0,Yes,Rural,Y,237258.43
466,LP002500,Male,Yes,3+,Not Graduate,No,2947.0,1664.0,70.0,180.0,Yes,Urban,N,105281.05
467,LP002501,Male,Yes,0,Graduate,No,16692.0,0.0,110.0,360.0,Yes,Semiurban,Y,660052.94
468,LP002502,Female,Yes,2,Not Graduate,No,210.0,2917.0,98.0,360.0,Yes,Semiurban,Y,8304.04
469,LP002505,Male,Yes,0,Graduate,No,4333.0,2451.0,110.0,360.0,Yes,Urban,N,171340.13
470,LP002515,Male,Yes,1,Graduate,Yes,3450.0,2079.0,162.0,360.0,Yes,Semiurban,Y,136423.6
471,LP002517,Male,Yes,1,Not Graduate,No,2653.0,1500.0,113.0,180.0,Yes,Rural,N,94777.95
472,LP002519,Male,Yes,3+,Graduate,No,4691.0,0.0,100.0,360.0,Yes,Semiurban,Y,185496.55
473,LP002522,Female,No,0,Graduate,Yes,2500.0,0.0,93.0,360.0,Yes,Urban,Y,98857.68
474,LP002524,Male,No,2,Graduate,No,5532.0,4648.0,162.0,360.0,Yes,Rural,Y,218752.27
475,LP002527,Male,Yes,2,Graduate,Yes,16525.0,1014.0,150.0,360.0,Yes,Rural,Y,653449.25
476,LP002529,Male,Yes,2,Graduate,No,6700.0,1750.0,230.0,300.0,Yes,Semiurban,Y,261549.03
477,LP002530,Male,Yes,2,Graduate,No,2873.0,1872.0,132.0,360.0,Yes,Semiurban,N,113607.24
478,LP002531,Male,Yes,1,Graduate,Yes,16667.0,2250.0,86.0,360.0,Yes,Semiurban,Y,659064.37
479,LP002533,Male,Yes,2,Graduate,No,2947.0,1603.0,146.41216216216216,360.0,Yes,Urban,N,116533.43
480,LP002534,Female,No,0,Not Graduate,No,4350.0,0.0,154.0,360.0,Yes,Rural,Y,172012.36
481,LP002536,Male,Yes,3+,Not Graduate,No,3095.0,0.0,113.0,360.0,Yes,Rural,Y,122385.81
482,LP002537,Male,Yes,0,Graduate,No,2083.0,3150.0,128.0,360.0,Yes,Semiurban,Y,82368.22
483,LP002541,Male,Yes,0,Graduate,No,10833.0,0.0,234.0,360.0,Yes,Semiurban,Y,428370.09
484,LP002543,Male,Yes,2,Graduate,No,8333.0,0.0,246.0,360.0,Yes,Semiurban,Y,329512.41
485,LP002544,Male,Yes,1,Not Graduate,No,1958.0,2436.0,131.0,360.0,Yes,Rural,Y,77425.33
486,LP002545,Male,No,2,Graduate,No,3547.0,0.0,80.0,360.0,Yes,Rural,N,140259.27
487,LP002547,Male,Yes,1,Graduate,No,18333.0,0.0,500.0,360.0,Yes,Urban,N,724943.12
488,LP002555,Male,Yes,2,Graduate,Yes,4583.0,2083.0,160.0,360.0,Yes,Semiurban,Y,181225.9
489,LP002556,Male,No,0,Graduate,No,2435.0,0.0,75.0,360.0,Yes,Urban,N,96287.38
490,LP002560,Male,No,0,Not Graduate,No,2699.0,2785.0,96.0,360.0,Yes,Semiurban,Y,106726.75
491,LP002562,Male,Yes,1,Not Graduate,No,5333.0,1131.0,186.0,360.0,Yes,Urban,Y,210883.2
492,LP002571,Male,No,0,Not Graduate,No,3691.0,0.0,110.0,360.0,Yes,Rural,Y,145953.48
493,LP002582,Female,No,0,Not Graduate,Yes,17263.0,0.0,225.0,360.0,Yes,Semiurban,Y,682632.04
494,LP002585,Male,Yes,0,Graduate,No,3597.0,2157.0,119.0,360.0,Yes,Rural,N,142236.43
495,LP002586,Female,Yes,1,Graduate,No,3326.0,913.0,105.0,84.0,Yes,Semiurban,Y,86180.29
496,LP002587,Male,Yes,0,Not Graduate,No,2600.0,1700.0,107.0,360.0,Yes,Rural,Y,102811.99
497,LP002588,Male,Yes,0,Graduate,No,4625.0,2857.0,111.0,12.0,Yes,Urban,Y,25620.91
498,LP002600,Male,Yes,1,Graduate,Yes,2895.0,0.0,95.0,360.0,Yes,Semiurban,Y,114477.19
499,LP002602,Male,No,0,Graduate,No,6283.0,4416.0,209.0,360.0,Yes,Rural,N,248449.12
500,LP002603,Female,No,0,Graduate,No,645.0,3683.0,113.0,480.0,Yes,Rural,Y,25733.63
501,LP002606,Female,No,0,Graduate,No,3159.0,0.0,100.0,360.0,Yes,Semiurban,Y,124916.56
502,LP002615,Male,Yes,2,Graduate,No,4865.0,5624.0,208.0,360.0,Yes,Semiurban,Y,192377.04
503,LP002618,Male,Yes,1,Not Graduate,No,4050.0,5302.0,138.0,360.0,Yes,Rural,N,160149.44
504,LP002619,Male,Yes,0,Not Graduate,No,3814.0,1483.0,124.0,300.0,Yes,Semiurban,Y,148887.76
505,LP002622,Male,Yes,2,Graduate,No,3510.0,4416.0,243.0,360.0,Yes,Rural,Y,138796.18
506,LP002624,Male,Yes,0,Graduate,No,20833.0,6667.0,480.0,360.0,Yes,Urban,Y,823800.8
507,LP002625,Male,No,0,Graduate,No,3583.0,0.0,96.0,360.0,Yes,Urban,N,141682.82
508,LP002626,Male,Yes,0,Graduate,Yes,2479.0,3013.0,188.0,360.0,Yes,Urban,Y,98027.27
509,LP002634,Female,No,1,Graduate,No,13262.0,0.0,40.0,360.0,Yes,Urban,Y,524420.21
510,LP002637,Male,No,0,Not Graduate,No,3598.0,1287.0,100.0,360.0,Yes,Rural,N,142275.97
511,LP002640,Male,Yes,1,Graduate,No,6065.0,2004.0,250.0,360.0,Yes,Semiurban,Y,239828.73
512,LP002643,Male,Yes,2,Graduate,No,3283.0,2035.0,148.0,360.0,Yes,Urban,Y,129819.9
513,LP002648,Male,Yes,0,Graduate,No,2130.0,6666.0,70.0,180.0,Yes,Semiurban,N,76093.87
514,LP002652,Male,No,0,Graduate,No,5815.0,3666.0,311.0,360.0,Yes,Rural,N,229942.96
515,LP002659,Male,Yes,3+,Graduate,No,3466.0,3428.0,150.0,360.0,Yes,Rural,Y,137056.28
516,LP002670,Female,Yes,2,Graduate,No,2031.0,1632.0,113.0,480.0,Yes,Semiurban,Y,81031.0
517,LP002682,Male,Yes,0,Not Graduate,No,3074.0,1800.0,123.0,360.0,Yes,Semiurban,N,121555.4
518,LP002683,Male,No,0,Graduate,No,4683.0,1915.0,185.0,360.0,Yes,Semiurban,N,185180.2
519,LP002684,Female,No,0,Not Graduate,No,3400.0,0.0,95.0,360.0,Yes,Rural,N,134446.44
520,LP002689,Male,Yes,2,Not Graduate,No,2192.0,1742.0,45.0,360.0,Yes,Semiurban,Y,86678.41
521,LP002690,Male,No,0,Graduate,No,2500.0,0.0,55.0,360.0,Yes,Semiurban,Y,98857.68
522,LP002692,Male,Yes,3+,Graduate,Yes,5677.0,1424.0,100.0,360.0,Yes,Rural,Y,224486.02
523,LP002693,Male,Yes,2,Graduate,Yes,7948.0,7166.0,480.0,360.0,Yes,Rural,Y,314288.33
524,LP002697,Male,No,0,Graduate,No,4680.0,2087.0,146.41216216216216,360.0,Yes,Semiurban,N,185061.57
525,LP002699,Male,Yes,2,Graduate,Yes,17500.0,0.0,400.0,360.0,Yes,Rural,Y,692003.75
526,LP002705,Male,Yes,0,Graduate,No,3775.0,0.0,110.0,360.0,Yes,Semiurban,Y,149275.09
527,LP002706,Male,Yes,1,Not Graduate,No,5285.0,1430.0,161.0,360.0,Yes,Semiurban,Y,208985.13
528,LP002714,Male,No,1,Not Graduate,No,2679.0,1302.0,94.0,360.0,Yes,Semiurban,Y,105935.89
529,LP002716,Male,No,0,Not Graduate,No,6783.0,0.0,130.0,360.0,Yes,Semiurban,Y,268220.65
530,LP002717,Male,Yes,0,Graduate,No,1025.0,5500.0,216.0,360.0,Yes,Rural,Y,40531.65
531,LP002720,Male,Yes,3+,Graduate,No,4281.0,0.0,100.0,360.0,Yes,Urban,Y,169283.89
532,LP002723,Male,No,2,Graduate,No,3588.0,0.0,110.0,360.0,Yes,Rural,N,141880.54
533,LP002729,Male,No,1,Graduate,No,11250.0,0.0,196.0,360.0,Yes,Semiurban,N,444859.55
534,LP002731,Female,No,0,Not Graduate,Yes,18165.0,0.0,125.0,360.0,Yes,Urban,Y,718299.89
535,LP002732,Male,No,0,Not Graduate,No,2550.0,2042.0,126.0,360.0,Yes,Rural,Y,100834.83
536,LP002734,Male,Yes,0,Graduate,No,6133.0,3906.0,324.0,360.0,Yes,Urban,Y,242517.66
537,LP002738,Male,No,2,Graduate,No,3617.0,0.0,107.0,360.0,Yes,Semiurban,Y,143027.29
538,LP002739,Male,Yes,0,Not Graduate,No,2917.0,536.0,66.0,360.0,Yes,Rural,N,115347.14
539,LP002740,Male,Yes,3+,Graduate,No,6417.0,0.0,157.0,180.0,Yes,Rural,Y,229246.18
540,LP002741,Female,Yes,1,Graduate,No,4608.0,2845.0,140.0,180.0,Yes,Semiurban,Y,164619.98
541,LP002743,Female,No,0,Graduate,No,2138.0,0.0,99.0,360.0,Yes,Semiurban,N,84543.09
542,LP002753,Female,No,1,Graduate,No,3652.0,0.0,95.0,360.0,Yes,Semiurban,Y,144411.3
543,LP002755,Male,Yes,1,Not Graduate,No,2239.0,2524.0,128.0,360.0,Yes,Urban,Y,88536.94
544,LP002757,Female,Yes,0,Not Graduate,No,3017.0,663.0,102.0,360.0,Yes,Semiurban,Y,119301.45
545,LP002767,Male,Yes,0,Graduate,No,2768.0,1950.0,155.0,360.0,Yes,Rural,Y,109455.22
546,LP002768,Male,No,0,Not Graduate,No,3358.0,0.0,80.0,36.0,Yes,Semiurban,N,48434.56
547,LP002772,Male,No,0,Graduate,No,2526.0,1783.0,145.0,360.0,Yes,Rural,Y,99885.8
548,LP002776,Female,No,0,Graduate,No,5000.0,0.0,103.0,360.0,Yes,Semiurban,N,197715.36
549,LP002777,Male,Yes,0,Graduate,No,2785.0,2016.0,110.0,360.0,Yes,Rural,Y,110127.45
550,LP002778,Male,Yes,2,Graduate,Yes,6633.0,0.0,146.41216216216216,360.0,Yes,Rural,N,262289.19
551,LP002784,Male,Yes,1,Not Graduate,No,2492.0,2375.0,146.41216216216216,360.0,Yes,Rural,Y,98541.33
552,LP002785,Male,Yes,1,Graduate,No,3333.0,3250.0,158.0,360.0,Yes,Urban,Y,131797.06
553,LP002788,Male,Yes,0,Not Graduate,No,2454.0,2333.0,181.0,360.0,Yes,Urban,N,97038.7
554,LP002789,Male,Yes,0,Graduate,No,3593.0,4266.0,132.0,180.0,Yes,Rural,N,128359.28
555,LP002792,Male,Yes,1,Graduate,No,5468.0,1032.0,26.0,360.0,Yes,Semiurban,Y,216221.51
556,LP002794,Female,No,0,Graduate,No,2667.0,1625.0,84.0,360.0,Yes,Urban,Y,105461.37
557,LP002795,Male,Yes,3+,Graduate,Yes,10139.0,0.0,260.0,360.0,Yes,Semiurban,Y,400927.2
558,LP002798,Male,Yes,0,Graduate,No,3887.0,2669.0,162.0,360.0,Yes,Semiurban,Y,153703.92
559,LP002804,Female,Yes,0,Graduate,No,4180.0,2306.0,182.0,360.0,Yes,Semiurban,Y,165290.04
560,LP002807,Male,Yes,2,Not Graduate,No,3675.0,242.0,108.0,360.0,Yes,Semiurban,Y,145320.79
561,LP002813,Female,Yes,1,Graduate,Yes,19484.0,0.0,600.0,360.0,Yes,Semiurban,Y,770457.2
562,LP002820,Male,Yes,0,Graduate,No,5923.0,2054.0,211.0,360.0,Yes,Rural,Y,234213.61
563,LP002821,Male,No,0,Not Graduate,Yes,5800.0,0.0,132.0,360.0,Yes,Semiurban,Y,229349.81
564,LP002832,Male,Yes,2,Graduate,No,8799.0,0.0,258.0,360.0,Yes,Urban,N,347939.48
565,LP002833,Male,Yes,0,Not Graduate,No,4467.0,0.0,120.0,360.0,Yes,Rural,Y,176638.9
566,LP002836,Male,No,0,Graduate,No,3333.0,0.0,70.0,360.0,Yes,Urban,Y,131797.06
567,LP002837,Male,Yes,3+,Graduate,No,3400.0,2500.0,123.0,360.0,Yes,Rural,N,134446.44
568,LP002840,Female,No,0,Graduate,No,2378.0,0.0,9.0,360.0,Yes,Urban,N,94033.42
569,LP002841,Male,Yes,0,Graduate,No,3166.0,2064.0,104.0,360.0,Yes,Urban,N,125193.36
570,LP002842,Male,Yes,1,Graduate,No,3417.0,1750.0,186.0,360.0,Yes,Urban,Y,135118.67
571,LP002847,Male,Yes,0,Graduate,No,5116.0,1451.0,165.0,360.0,Yes,Urban,N,202302.35
572,LP002855,Male,Yes,2,Graduate,No,16666.0,0.0,275.0,360.0,Yes,Urban,Y,659024.82
573,LP002862,Male,Yes,2,Not Graduate,No,6125.0,1625.0,187.0,480.0,Yes,Semiurban,N,244369.69
574,LP002863,Male,Yes,3+,Graduate,No,6406.0,0.0,150.0,360.0,Yes,Semiurban,N,253312.91
575,LP002868,Male,Yes,2,Graduate,No,3159.0,461.0,108.0,84.0,Yes,Urban,Y,81853.14
576,LP002872,Male,Yes,0,Graduate,No,3087.0,2210.0,136.0,360.0,Yes,Semiurban,N,122069.46
577,LP002874,Male,No,0,Graduate,No,3229.0,2739.0,110.0,360.0,Yes,Urban,Y,127684.58
578,LP002877,Male,Yes,1,Graduate,No,1782.0,2232.0,107.0,360.0,Yes,Rural,Y,70465.75
579,LP002888,Male,No,0,Graduate,No,3182.0,2917.0,161.0,360.0,Yes,Urban,Y,125826.05
580,LP002892,Male,Yes,2,Graduate,No,6540.0,0.0,205.0,360.0,Yes,Semiurban,Y,258611.69
581,LP002893,Male,No,0,Graduate,No,1836.0,33837.0,90.0,360.0,Yes,Urban,N,72601.08
582,LP002894,Female,Yes,0,Graduate,No,3166.0,0.0,36.0,360.0,Yes,Semiurban,Y,125193.36
583,LP002898,Male,Yes,1,Graduate,No,1880.0,0.0,61.0,360.0,Yes,Rural,N,74340.97
584,LP002911,Male,Yes,1,Graduate,No,2787.0,1917.0,146.0,360.0,Yes,Rural,N,110206.54
585,LP002912,Male,Yes,1,Graduate,No,4283.0,3000.0,172.0,84.0,Yes,Rural,N,110977.21
586,LP002916,Male,Yes,0,Graduate,No,2297.0,1522.0,104.0,360.0,Yes,Urban,Y,90830.43
587,LP002917,Female,No,0,Not Graduate,No,2165.0,0.0,70.0,360.0,Yes,Semiurban,Y,85610.75
588,LP002925,Male,No,0,Graduate,No,4750.0,0.0,94.0,360.0,Yes,Semiurban,Y,187829.59
589,LP002926,Male,Yes,2,Graduate,Yes,2726.0,0.0,106.0,360.0,Yes,Semiurban,N,107794.41
590,LP002928,Male,Yes,0,Graduate,No,3000.0,3416.0,56.0,180.0,Yes,Semiurban,Y,107174.46
591,LP002931,Male,Yes,2,Graduate,Yes,6000.0,0.0,205.0,240.0,Yes,Semiurban,N,227826.83
592,LP002933,Male,No,3+,Graduate,Yes,9357.0,0.0,292.0,360.0,Yes,Semiurban,Y,370004.52
593,LP002936,Male,Yes,0,Graduate,No,3859.0,3300.0,142.0,180.0,Yes,Rural,Y,137862.09
594,LP002938,Male,Yes,0,Graduate,Yes,16120.0,0.0,260.0,360.0,Yes,Urban,Y,637434.31
595,LP002940,Male,No,0,Not Graduate,No,3833.0,0.0,110.0,360.0,Yes,Rural,Y,151568.59
596,LP002941,Male,Yes,2,Not Graduate,Yes,6383.0,1000.0,187.0,360.0,Yes,Rural,N,252403.42
597,LP002943,Male,No,0,Graduate,No,2987.0,0.0,88.0,360.0,Yes,Semiurban,N,118115.15
598,LP002945,Male,Yes,0,Graduate,Yes,9963.0,0.0,180.0,360.0,Yes,Rural,Y,393967.62
599,LP002948,Male,Yes,2,Graduate,No,5780.0,0.0,192.0,360.0,Yes,Urban,Y,228558.95
600,LP002949,Female,No,3+,Graduate,No,416.0,41667.0,350.0,180.0,Yes,Urban,N,14861.53
601,LP002950,Male,Yes,0,Not Graduate,No,2894.0,2792.0,155.0,360.0,Yes,Rural,Y,114437.65
602,LP002953,Male,Yes,3+,Graduate,No,5703.0,0.0,128.0,360.0,Yes,Urban,Y,225514.14
603,LP002958,Male,No,0,Graduate,No,3676.0,4301.0,172.0,360.0,Yes,Rural,Y,145360.33
604,LP002959,Female,Yes,1,Graduate,No,12000.0,0.0,496.0,360.0,Yes,Semiurban,Y,474516.85
605,LP002960,Male,Yes,0,Not Graduate,No,2400.0,3800.0,146.41216216216216,180.0,Yes,Urban,N,85739.57
606,LP002961,Male,Yes,1,Graduate,No,3400.0,2500.0,173.0,360.0,Yes,Semiurban,Y,134446.44
607,LP002964,Male,Yes,2,Not Graduate,No,3987.0,1411.0,157.0,360.0,Yes,Rural,Y,157658.22
608,LP002974,Male,Yes,0,Graduate,No,3232.0,1950.0,108.0,360.0,Yes,Rural,Y,127803.21
609,LP002978,Female,No,0,Graduate,No,2900.0,0.0,71.0,360.0,Yes,Rural,Y,114674.91
610,LP002979,Male,Yes,3+,Graduate,No,4106.0,0.0,40.0,180.0,Yes,Rural,Y,146686.12
611,LP002983,Male,Yes,1,Graduate,No,8072.0,240.0,253.0,360.0,Yes,Urban,Y,319191.67
612,LP002984,Male,Yes,2,Graduate,No,7583.0,0.0,187.0,360.0,Yes,Urban,Y,299855.11
613,LP002990,Female,No,0,Graduate,Yes,4583.0,0.0,133.0,360.0,Yes,Semiurban,N,181225.9
